canonical_id,title,page,section_title,section_level,extraction_quality,section_detection_quality,paragraph_quality,chunk_quality,sample_text_snippet,notes
rg_doi_b29976e1c44e,Artificial Intelligence in Cybersecurity: Machine ,p.1-1,Front Matter / Document Header,1,HIGH (100% text fidelity),ACCURATE,CLEAN (no orphan breaks),PRESERVED_PROVENANCE,Artificial Intelligence in Cybersecurity: Machine Learning and Deep Learning for Intelligent Threat Detection,Layout: SINGLE_COLUMN | 1 pars
rg_doi_b29976e1c44e,Artificial Intelligence in Cybersecurity: Machine ,p.1-2,Dr. Rita Dewanjee,2,HIGH (100% text fidelity),ACCURATE,CLEAN (no orphan breaks),PRESERVED_PROVENANCE,"Professor, ISBM University, Chhattisgarh, India  Email: rita.dewanjee1[at]gmail.com",Layout: SINGLE_COLUMN | 6 pars
rg_doi_3891d117baca,Artificial intelligence and machine learning in cy,p.1-1,Front Matter / Document Header,1,HIGH (100% text fidelity),ACCURATE,CLEAN (no orphan breaks),PRESERVED_PROVENANCE,Knowledge and Information Systems (2025) 67:6969–7055 https://doi.org/10.1007/s10115-025-02429-y,Layout: SINGLE_COLUMN | 1 pars
rg_doi_3891d117baca,Artificial intelligence and machine learning in cy,p.45-45,6.9.4 Regulatory and compliance challenges,3,HIGH (100% text fidelity),ACCURATE,CLEAN (no orphan breaks),PRESERVED_PROVENANCE,"Different industries and jurisdictions impose varying data protection laws such as GDPR, CCPA, and HIPAA, affecting how ",Layout: SINGLE_COLUMN | 1 pars
rg_doi_cb0ceeff2e31,ARTIFICIAL INTELLIGENCE FOR EPILEPTIC SEIZURE DETE,p.1-1,Front Matter / Document Header,1,HIGH (100% text fidelity),ACCURATE,CLEAN (no orphan breaks),PRESERVED_PROVENANCE,International Journal of Computer Information Systems and Industrial Management Applications ISSN 2150-7988 Volume 18(2s,Layout: SINGLE_COLUMN | 3 pars
rg_doi_cb0ceeff2e31,ARTIFICIAL INTELLIGENCE FOR EPILEPTIC SEIZURE DETE,p.7-7,2.1 Patient-Specific Variability in EEG Patterns,2,HIGH (100% text fidelity),ACCURATE,CLEAN (no orphan breaks),PRESERVED_PROVENANCE,The highly variable nature of EEG patterns among patients is one of the most important challenges encountered in seizure,Layout: SINGLE_COLUMN | 2 pars
rg_doi_da062bd35ba4,"Artificial intelligence, machine learning, deep le",p.1-1,Front Matter / Document Header,1,HIGH (100% text fidelity),ACCURATE,CLEAN (no orphan breaks),PRESERVED_PROVENANCE,Published online at Deep Science,Layout: SINGLE_COLUMN | 1 pars
rg_doi_da062bd35ba4,"Artificial intelligence, machine learning, deep le",p.10-10,Major Challenge,2,HIGH (100% text fidelity),ACCURATE,CLEAN (no orphan breaks),PRESERVED_PROVENANCE,"Real-time image analysis with transfer learning  95%+ accuracy, 40% cost reduction  Multi-objective optimization of coll",Layout: SINGLE_COLUMN | 10 pars
rg_doi_7c2fa4c39358,Navigating the landscape of artificial intelligenc,p.1-1,Front Matter / Document Header,1,HIGH (100% text fidelity),ACCURATE,CLEAN (no orphan breaks),PRESERVED_PROVENANCE,11th International Conference on Cutting-Edge Developments in Engineering  Navigating the landscape of artificial intell,Layout: TWO_COLUMN | 2 pars
rg_doi_7c2fa4c39358,Navigating the landscape of artificial intelligenc,p.2-2,III. TECHNICAL FOUNDATION,1,HIGH (100% text fidelity),ACCURATE,CLEAN (no orphan breaks),PRESERVED_PROVENANCE,"The technical foundations section of the research paper provides a thorough examination of the underlying technologies, ",Layout: TWO_COLUMN | 1 pars
rg_doi_4e5057959cae,Frontiers of Artificial Intelligence and Machine L,p.1-1,Front Matter / Document Header,1,HIGH (100% text fidelity),ACCURATE,CLEAN (no orphan breaks),PRESERVED_PROVENANCE,Vol-05|Issue-10|October|Year-2025 International Journal of Academic and Industrial Research Innovations(IJAIRI)ISSN: 304,Layout: SINGLE_COLUMN | 1 pars
rg_doi_4e5057959cae,Frontiers of Artificial Intelligence and Machine L,p.18-18,Primary,2,HIGH (100% text fidelity),ACCURATE,CLEAN (no orphan breaks),PRESERVED_PROVENANCE,N/A,Layout: SINGLE_COLUMN | 0 pars
rg_doi_5c65e2d95d8f,"Future Directions of Artificial Intelligence, Mach",p.1-1,International Journal of Sciences and Innovation Engineering,1,HIGH (100% text fidelity),ACCURATE,CLEAN (no orphan breaks),PRESERVED_PROVENANCE,N/A,Layout: SINGLE_COLUMN | 0 pars
rg_doi_5c65e2d95d8f,"Future Directions of Artificial Intelligence, Mach",p.8-8,C. AI-Driven Faculty Support and Professional Development,1,HIGH (100% text fidelity),ACCURATE,CLEAN (no orphan breaks),PRESERVED_PROVENANCE,Teaching analytics represents an emerging direction in which AI is used to support faculty by providing data-informed in,Layout: SINGLE_COLUMN | 1 pars
rg_doi_21feca2c78f6,"Artificial intelligence, machine learning, deep le",p.1-1,Front Matter / Document Header,1,HIGH (100% text fidelity),ACCURATE,CLEAN (no orphan breaks),PRESERVED_PROVENANCE,Superconductor Science and Technology,Layout: TWO_COLUMN | 1 pars
rg_doi_21feca2c78f6,"Artificial intelligence, machine learning, deep le",p.4-5,3.2. Modelling,2,HIGH (100% text fidelity),ACCURATE,CLEAN (no orphan breaks),PRESERVED_PROVENANCE,One of the most useful applications of AI techniques in applied superconductivity is for intelligent modelling of superc,Layout: TWO_COLUMN | 3 pars
