canonical_id,title,document_type,source,source_type,fulltext_url,http_status,download_success,file_size_bytes,download_time_seconds,mime_type,file_hash_sha256,is_valid_pdf,validation_status,parse_attempted,parse_success,extracted_pages,extracted_char_count,parse_error,notes
rg_doi_5ea643fc84aa,"Artificial intelligence, machine learning, neural networks, and deep learning: Futuristic concepts for new dental diagnosis.",EDITORIAL,openalex,,,,False,0,0.0,,,False,UNAVAILABLE,False,False,0,0,No legitimate full-text URL in metadata,Query: 'deep learning neural networks in me...' (Score: 0.75) | Paper metadata indicates paywalled or closed-access work
rg_doi_880df440859e,The Evolution of Artificial Intelligence in Medical Imaging: From Computer Science to Machine and Deep Learning,RESEARCH_ARTICLE,openalex,direct_pdf,https://www.mdpi.com/2072-6694/16/21/3702/pdf?version=1730451849,403,False,0,0.322,text/html,,False,PAYWALL,False,False,0,0,HTTP status 403,Query: 'deep learning neural networks in me...' (Score: 0.69) | Remote server returned 403
rg_doi_45285ff1dc50,"Artificial Intelligence Driven Healthcare - A Survey of Machine Learning, Deep Learning and Intelligent Predictive Methods",SURVEY,openalex,,,,False,0,0.0,,,False,UNAVAILABLE,False,False,0,0,No legitimate full-text URL in metadata,Query: 'deep learning neural networks in me...' (Score: 0.69) | Paper metadata indicates paywalled or closed-access work
rg_doi_58840be3d5a7,"Artificial intelligence, machine learning and deep learning in biomedical fields: A prospect in improvising medical healthcare systems",BOOK_CHAPTER,openalex,,,,False,0,0.0,,,False,UNAVAILABLE,False,False,0,0,No legitimate full-text URL in metadata,Query: 'deep learning neural networks in me...' (Score: 0.65) | Paper metadata indicates paywalled or closed-access work
rg_doi_70133920b0b2,Artificial Intelligence for Early Detection and Diagnosis of Breast Cancer: A Systematic Review of Machine Learning and Deep Learning Approaches,REVIEW,openalex,repository,https://doi.org/10.5281/zenodo.18792369,200,False,79540,1.507,text/html; charset=utf-8,71adf24e7e941b35a6eb3b8c897824c09f066afd2e022fca45d0b0df3c793ce2,False,HTML_NOT_PDF,False,False,0,0,Artifact is an HTML page (detected HTML_NOT_PDF),Query: 'deep learning neural networks in me...' (Score: 0.65) | Acquired artifact failed PDF validation
rg_doi_4c2546be7baf,The Role of Machine Learning and Deep Learning in Revolutionizing Healthcare: A Review,RESEARCH_ARTICLE,crossref,,,,False,0,0.0,,,False,UNAVAILABLE,False,False,0,0,No legitimate full-text URL in metadata,Query: 'deep learning neural networks in me...' (Score: 0.63) | Paper metadata indicates paywalled or closed-access work
rg_doi_365fd2a9171a,Machine learning and deep learning for breast cancer risk prediction and diagnosis: a Survey,SURVEY,crossref,,,,False,0,0.0,,,False,UNAVAILABLE,False,False,0,0,No legitimate full-text URL in metadata,Query: 'deep learning neural networks in me...' (Score: 0.63) | Paper metadata indicates paywalled or closed-access work
rg_doi_b29976e1c44e,Artificial Intelligence in Cybersecurity: Machine Learning and Deep Learning for Intelligent Threat Detection,RESEARCH_ARTICLE,openalex,direct_pdf,https://www.ijsr.net/archive/v15i2/SR26221124055.pdf,200,True,267949,0.307,application/pdf,9ae6b04965f367c82d1b92f5eebe27f80e45354c4133ac0fdf01995410beb543,True,SUCCESS_PDF,True,True,5,10905,,Query: 'machine learning algorithms for cyb...' (Score: 0.86) | Successfully acquired and validated PDF artifact
rg_doi_c9ed57c5dca1,"Artificial Intelligence, Machine Learning, and Deep Learning for Cybersecurity Solutions: A Review of Emerging Technologies and Applications",REVIEW,openalex,open_access,https://doi.org/10.2139/ssrn.4855884,403,False,0,0.227,text/html; charset=UTF-8,,False,PAYWALL,False,False,0,0,HTTP status 403,Query: 'machine learning algorithms for cyb...' (Score: 0.70) | Remote server returned 403
rg_doi_f8b811b7d2eb,"A Survey on the Role of Artificial Intelligence, Machine Learning and Deep Learning for Cybersecurity Attack Detection",SURVEY,openalex,,,,False,0,0.0,,,False,UNAVAILABLE,False,False,0,0,No legitimate full-text URL in metadata,Query: 'machine learning algorithms for cyb...' (Score: 0.67) | Paper metadata indicates paywalled or closed-access work
rg_doi_e096cf0b5c7b,Intelligent Cyber Threat DetectionUsing Deep Learning and Machine Learning Techniques,RESEARCH_ARTICLE,crossref,,,,False,0,0.0,,,False,UNAVAILABLE,False,False,0,0,No legitimate full-text URL in metadata,Query: 'machine learning algorithms for cyb...' (Score: 0.63) | Paper metadata indicates paywalled or closed-access work
rg_doi_3891d117baca,Artificial intelligence and machine learning in cybersecurity: a deep dive into state-of-the-art techniques and future paradigms,RESEARCH_ARTICLE,openalex,direct_pdf,https://link.springer.com/content/pdf/10.1007/s10115-025-02429-y.pdf,200,True,3069674,22.251,application/pdf,d5d496d160d5d5760b75a5b7702dfdf0c6ba76167dd2099966b3d251125f6cd5,True,SUCCESS_PDF,True,True,87,7142,,Query: 'machine learning algorithms for cyb...' (Score: 0.62) | Successfully acquired and validated PDF artifact
rg_doi_3e1d0bbc2eb9,Artificial Intelligence for Smoking Detection: A Review of Machine Learning and Deep Learning Approaches,REVIEW,openalex,direct_pdf,https://csmj.uomosul.edu.iq/article_186825_974a7de2a780bf6ca462b15986638c5f.pdf,200,False,38089,1.467,text/html; charset=utf-8,d98c2c515d527bc3b6aaec63ebf28d245e310169ad8188cbe315965f86866ef8,False,HTML_NOT_PDF,False,False,0,0,Artifact is an HTML page (detected HTML_NOT_PDF),Query: 'machine learning algorithms for cyb...' (Score: 0.59) | Acquired artifact failed PDF validation
rg_doi_cb0ceeff2e31,ARTIFICIAL INTELLIGENCE FOR EPILEPTIC SEIZURE DETECTION AND PREDICTION: A REVIEW OF EEG-BASED MACHINE LEARNING AND DEEP LEARNING METHOD,REVIEW,openalex,open_access,https://cspub-ijcisim.org/index.php/ijcisim/article/download/2080/1827,200,True,1015091,2.726,application/pdf,25e050b501a678d5be72b25beb6f9b86a4cd1e6999836f4e4388d2b712d170f9,True,SUCCESS_PDF,True,True,15,7850,,Query: 'machine learning algorithms for cyb...' (Score: 0.59) | Successfully acquired and validated PDF artifact
rg_doi_bfce63fddd23,"“Artificial Intelligence, Machine Learning and Deep Learning – Limitations: Privacy and Data Security Issues” Chapter",BOOK_CHAPTER,openalex,direct_pdf,https://link.springer.com/content/pdf/10.1007/978-981-19-1223-8_10,200,False,288335,1.835,text/html; charset=utf-8,b44ba8353373825173c52117f3dfd4bc58a9b32be7e371d2dad76a6773e2f6f4,False,HTML_NOT_PDF,False,False,0,0,Artifact is an HTML page (detected HTML_NOT_PDF),Query: 'artificial intelligence ethics priv...' (Score: 0.70) | Acquired artifact failed PDF validation
rg_doi_9a98dc02c239,"Integrative Approaches of Artificial Intelligence, Machine Learning, and Deep Learning for Advanced Business Analytics and Decision Making",RESEARCH_ARTICLE,openalex,open_access,https://doi.org/10.70818/pjbis.v02i04.0123,200,False,54895,1.737,text/html; charset=utf-8,c4d5dba759f7582bb9302e6d1337f2589e0025ccd51bdbc0fd3b9736dc52f27e,False,HTML_NOT_PDF,False,False,0,0,Artifact is an HTML page (detected HTML_NOT_PDF),Query: 'artificial intelligence ethics priv...' (Score: 0.65) | Acquired artifact failed PDF validation
rg_doi_3388a8914d46,"Artificial intelligence, machine learning and deep learning in advanced transportation systems, a review",RESEARCH_ARTICLE,openalex,open_access,https://doi.org/10.1016/j.multra.2025.100242,200,False,2721,1.006,text/html;charset=UTF-8,10302445ec2945691857a2fe5263145e3afd89f2f4912bd8db16a5fa60ec011f,False,HTML_NOT_PDF,False,False,0,0,Artifact is an HTML page (detected HTML_NOT_PDF),Query: 'artificial intelligence ethics priv...' (Score: 0.62) | Acquired artifact failed PDF validation
rg_doi_da062bd35ba4,"Artificial intelligence, machine learning, deep learning, and big data for circular economy, resilience, and sustainable development",RESEARCH_ARTICLE,openalex,open_access,https://deepscipub.com/ijars/article/download/40/65,200,True,691858,2.033,application/pdf,36840128f23ba664fd65d4783af4d844bc0b070c495f9b459ccbc9b07e7ce22e,True,SUCCESS_PDF,True,True,27,9888,,Query: 'artificial intelligence ethics priv...' (Score: 0.60) | Successfully acquired and validated PDF artifact
rg_doi_7c2fa4c39358,"Navigating the landscape of artificial intelligence, Machine learning and Deep Learning",CONFERENCE_PAPER,openalex,open_access,http://dx.doi.org/10.62919/geiy8123,200,True,168037,0.888,application/pdf,b73c0abca1db8b1fe96d7a3d0c65f67ea5351772d502f9122aaf7788f834a54e,True,SUCCESS_PDF,True,True,5,10081,,Query: 'artificial intelligence ethics priv...' (Score: 0.60) | Successfully acquired and validated PDF artifact
rg_doi_4e5057959cae,Frontiers of Artificial Intelligence and Machine Learning: From Deep Learning Architectures to Industry 5.0 Applications,FRONT_MATTER,openalex,direct_pdf,https://www.nationaleducationservices.org/file-download/1572326/Download Full-Text Research Book PDF Pp 1-55O9.pdf,200,True,1469962,1.139,application/pdf,158ed0eeb8b21c8a7d196e64829553a69b22afc0c729ff9d9dbef0132313e16d,True,SUCCESS_PDF,True,True,55,4713,,Query: 'artificial intelligence ethics priv...' (Score: 0.60) | Successfully acquired and validated PDF artifact
rg_doi_5c65e2d95d8f,"Future Directions of Artificial Intelligence, Machine Learning and Deep Learning in Higher Education",RESEARCH_ARTICLE,openalex,direct_pdf,https://ijsci.com/ijscipaperm/uploads/089792201976.pdf,200,True,2010758,3.373,application/pdf,13d8873d4533bc2bbd0fa4274e6c11cd3fc7efdf21e6ac70a9e3784bfee3e876,True,SUCCESS_PDF,True,True,14,9400,,Query: 'artificial intelligence ethics priv...' (Score: 0.60) | Successfully acquired and validated PDF artifact
rg_doi_ef8058d901af,"Role of Artificial Intelligence, Machine Learning, Deep Learning for Sericulture: A Technological Perspective",CONFERENCE_PAPER,openalex,direct_pdf,http://xplorestaging.ieee.org/ielx7/10084915/10084919/10085573.pdf?arnumber=10085573,200,False,46898,2.441,text/html;charset=UTF-8,562664e1b12d8e7741b4a599163ee2a4801ed32e4e6dcd119cfcd1717c67be57,False,HTML_NOT_PDF,False,False,0,0,Artifact is an HTML page (detected HTML_NOT_PDF),Direct PDF URL Edge Case (Score: 0.90) | Acquired artifact failed PDF validation
rg_doi_fc4f73cd92f2,"Artificial intelligence, machine learning and deep learning",CONFERENCE_PAPER,openalex,direct_pdf,http://xplorestaging.ieee.org/ielx7/8250945/8259611/08259629.pdf?arnumber=8259629,200,False,44689,1.489,text/html;charset=UTF-8,ddd46c1195171aaadd7a621e1c176b2c6a1980ce5087c84dfef633adf071a299,False,HTML_NOT_PDF,False,False,0,0,Artifact is an HTML page (detected HTML_NOT_PDF),Direct PDF URL Edge Case (Score: 0.90) | Acquired artifact failed PDF validation
rg_doi_21feca2c78f6,"Artificial intelligence, machine learning, deep learning, and big data techniques for the advancements of superconducting technology: a road to smarter and intelligent superconductivity",RESEARCH_ARTICLE,openalex,direct_pdf,https://iopscience.iop.org/article/10.1088/1361-6668/ace385/pdf,200,True,389738,1.9,application/pdf;charset=UTF-8,3c1e6b581bd0ebe1ef2d2c4f36a9977321806245b45257c57a4c8c642882057b,True,SUCCESS_PDF,True,True,6,3668,,Direct PDF URL Edge Case (Score: 0.90) | Successfully acquired and validated PDF artifact
rg_doi_11e35de058e4,"Artificial Intelligence, Machine Learning, Deep Learning, and Blockchain in Financial and Banking Services: A Comprehensive Review",RESEARCH_ARTICLE,openalex,open_access,https://doi.org/10.2139/ssrn.4855893,403,False,0,3.01,text/html; charset=UTF-8,,False,PAYWALL,False,False,0,0,HTTP status 403,Repository URL Edge Case (Score: 0.85) | Remote server returned 403
