canonical_id,num_sources,source_record_ids,doi,title,authors,document_type,published_date,online_pub_date,print_pub_date,match_signals,match_confidence,human_dedup_verification,notes
rg_doi_ddd0b6140694,2,openalex:W4399479535; crossref:10.54941/ahfe1004666,10.54941/ahfe1004666,"Application of Artificial Intelligence, Machine Learning and Deep Learning in Piloted Aircraft Operations: Systematic Review",Steven Tze Fung Lam; Alan H.S. Chan,REVIEW,2024-01-01,2024-01-01,,DOI_EXACT+TITLE_AUTHORS_SIMILARITY,HIGH (1.0),,PENDING HUMAN REVIEW: Verify whether records represent the same scientific work
rg_doi_0ff96a512ce4,2,openalex:W4398162402; crossref:10.2139/ssrn.4835661,10.2139/ssrn.4835661,"Artificial intelligence, machine learning, and deep learning for advanced business strategies: a review",Nitin Liladhar Rane; Mallikarjuna Paramesha; Saurabh Choudhary...,RESEARCH_ARTICLE,2024-01-01,2024-01-01,,DOI_EXACT+TITLE_AUTHORS_SIMILARITY,HIGH (1.0),,PENDING HUMAN REVIEW: Verify whether records represent the same scientific work
rg_doi_5caa58be1c56,2,openalex:W4406931194; crossref:10.1088/978-0-7503-6259-7ch1,10.1088/978-0-7503-6259-7ch1,"Artificial intelligence, machine learning, deep learning and generative artificial intelligence",Vinod Kumar Khanna,BOOK_CHAPTER,2025-01-01,2025-01-01,,DOI_EXACT+TITLE_AUTHORS_SIMILARITY,HIGH (1.0),,PENDING HUMAN REVIEW: Verify whether records represent the same scientific work
rg_doi_bfce63fddd23,2,openalex:W4285280147; crossref:10.1007/978-981-19-1223-8_10,10.1007/978-981-19-1223-8_10,"“Artificial Intelligence, Machine Learning and Deep Learning – Limitations: Privacy and Data Security Issues” Chapter",James Wan,BOOK_CHAPTER,2022-01-01,2022-01-01,2022,DOI_EXACT+TITLE_AUTHORS_SIMILARITY,HIGH (1.0),,PENDING HUMAN REVIEW: Verify whether records represent the same scientific work
rg_doi_b96f8a1cefe5,2,openalex:W4315650414; crossref:10.31219/osf.io/7cuxz,10.31219/osf.io/7cuxz,"An overview of machine learning, deep learning, and artificial intelligence",Alia Youssef Gebreel,RESEARCH_ARTICLE,2023-01-11,2023-01-11,,DOI_EXACT+TITLE_AUTHORS_SIMILARITY,HIGH (1.0),,PENDING HUMAN REVIEW: Verify whether records represent the same scientific work
rg_doi_a0c4151df32f,2,openalex:W4403658469; crossref:10.70593/978-81-981271-4-3_9,10.70593/978-81-981271-4-3_9,"Explainable and trustworthy artificial intelligence, machine learning, and deep learning",Nitin Liladhar Rane; Suraj Kumar Mallick; Ömer Kaya...,BOOK_CHAPTER,2024-10-13,2024-10-13,2024-10-13,DOI_EXACT+TITLE_AUTHORS_SIMILARITY,HIGH (1.0),,PENDING HUMAN REVIEW: Verify whether records represent the same scientific work
rg_doi_78972ac259f8,2,openalex:W4385154383; crossref:10.1016/b978-0-12-820048-3.00005-x,10.1016/b978-0-12-820048-3.00005-x,"Artificial intelligence, machine learning, and deep learning simulations for nanostructures",Gaurav Verma,BOOK_CHAPTER,2023-01-01,2023-01-01,2023,DOI_EXACT+TITLE_AUTHORS_SIMILARITY,HIGH (1.0),,PENDING HUMAN REVIEW: Verify whether records represent the same scientific work
rg_doi_5b84fad7fbc6,2,openalex:W3171793347; crossref:10.52305/lfwk9582,10.52305/lfwk9582,Artificial Intelligence Driven By Machine Learning And Deep Learning,Bahman Zohuri; Siamak Zadeh; Dr. Bahman Zohuri...,BOOK_CHAPTER,2020-10-09,2020-10-09,2020-10-09,DOI_EXACT+TITLE_AUTHORS_SIMILARITY,HIGH (1.0),,PENDING HUMAN REVIEW: Verify whether records represent the same scientific work
rg_doi_3b288379ae50,2,crossref:10.58532/nbennurgodpsw9; crossref:10.58532/nbennurgodpsw9n1,10.58532/nbennurgodpsw9,LEARNING DEEP FEATURES FOR SCENE RECOGNITION USING DEEP LEARNING,Aakanksha Jain; Pinkal Jain,BOOK_CHAPTER,2025-07-25,2025-07-25,2025-07-25,DOI_EXACT+TITLE_AUTHORS_SIMILARITY,HIGH (1.0),,PENDING HUMAN REVIEW: Verify whether records represent the same scientific work
rg_doi_d885b803cf41,3,openalex:W4362663195; openalex:W4365461990; openalex:W4362690826,10.1016/j.cogr.2023.04.001,"Artificial intelligence, machine learning and deep learning in advanced robotics, a review",Mohsen Soori; Behrooz Arezoo; Roza Dastres...,RESEARCH_ARTICLE,2023-01-01,2023-01-01,,DOI_EXACT+TITLE_AUTHORS_SIMILARITY,HIGH (1.0),,PENDING HUMAN REVIEW: Verify whether records represent the same scientific work
rg_doi_ff06534281ed,2,openalex:W7203887965; crossref:10.1016/b978-0-44-330291-6.00014-7,10.1016/b978-0-44-330291-6.00014-7,Artificial intelligence for schizophrenia detection: a comparative review of machine learning and deep learning models,S A Varaprasad; Tripti Goel; S.A. Varaprasad,BOOK_CHAPTER,2026-01-01,2026-01-01,2026,DOI_EXACT+TITLE_AUTHORS_SIMILARITY,HIGH (1.0),,PENDING HUMAN REVIEW: Verify whether records represent the same scientific work
rg_doi_98b3c2568dfa,2,openalex:W4410295077; crossref:10.1109/aide64228.2025.10987434,10.1109/aide64228.2025.10987434,"Harnessing Artificial Intelligence for Heart Disease: Comparing Machine Learning, Deep Learning, and Bayesian Network Approaches",Chaganti Varshini; Vanga Navya Sri; Nakka Sravya...,CONFERENCE_PAPER,2025-02-06,2025-02-06,2025-02-06,DOI_EXACT+TITLE_AUTHORS_SIMILARITY,HIGH (1.0),,PENDING HUMAN REVIEW: Verify whether records represent the same scientific work
rg_doi_9d4f40a0f867,2,openalex:W4399684986; crossref:10.58532/v3bkai3p3ch2,10.58532/v3bkai3p3ch2,"THE ROLE OF ARTIFICIAL INTELLIGENCE, MACHINE LEARNING, AND DEEP LEARNING IN THE RADIOLOGY DEPARTMENT",Dheeraj Kumar; Dr. Dheeraj Kumar,BOOK_CHAPTER,2023-12-01,2023-12-01,2023-12-01,DOI_EXACT+TITLE_AUTHORS_SIMILARITY,HIGH (1.0),,PENDING HUMAN REVIEW: Verify whether records represent the same scientific work
rg_doi_2b26519664ee,5,openalex:W3009054233; openalex:W3208099188; openalex:W4405331292; crossref:10.1515/9781683924654; crossref:10.1049/pbte106e_ch1,10.1515/9781683924654,"Artificial Intelligence, Machine Learning, and Deep Learning",Oswald Campesato; Maria Pia Del Rosso; Silvia Liberata Ullo...,BOOK_CHAPTER,2020-02-13,2020-02-13,2020-02-13,DOI_EXACT+TITLE_AUTHORS_SIMILARITY,HIGH (1.0),,PENDING HUMAN REVIEW: Verify whether records represent the same scientific work
rg_doi_b29976e1c44e,2,openalex:W7131630628; crossref:10.21275/sr26221124055,10.21275/sr26221124055,Artificial Intelligence in Cybersecurity: Machine Learning and Deep Learning for Intelligent Threat Detection,Rita Dewanjee,RESEARCH_ARTICLE,2026-02-26,2026-02-26,2026-02-26,DOI_EXACT+TITLE_AUTHORS_SIMILARITY,HIGH (1.0),,PENDING HUMAN REVIEW: Verify whether records represent the same scientific work
rg_doi_27eab0b15f64,2,openalex:W7133301001; crossref:10.18421/tem151-74,10.18421/tem151-74,"The Role of Artificial Intelligence, Machine Learning, and Deep Learning in Education",Ayat Aljarrah; Mustafa Ababneh,RESEARCH_ARTICLE,2026-02-27,2026-02-27,2026-02-27,DOI_EXACT+TITLE_AUTHORS_SIMILARITY,HIGH (1.0),,PENDING HUMAN REVIEW: Verify whether records represent the same scientific work
rg_doi_8320101f1b63,2,openalex:W4241665810; crossref:10.48009/2_iis_2018_149-154,10.48009/2_iis_2018_149-154,FOUR IT/IS PILLARS FOR ARTIFICIAL INTELLIGENCE MACHINE LEARNING/DEEP LEARNING APPLICATIONS,,RESEARCH_ARTICLE,2018-01-01,2018-01-01,2018,DOI_EXACT+TITLE_AUTHORS_SIMILARITY,HIGH (1.0),,PENDING HUMAN REVIEW: Verify whether records represent the same scientific work
rg_doi_df665ba805d0,2,crossref:10.1007/978-3-030-26622-6_2; crossref:10.1007/978-3-031-12282-8_2,10.1007/978-3-030-26622-6_2,Essential Concepts in Artificial Intelligence and Machine Learning,Ameet V Joshi,BOOK_CHAPTER,2019-09-25,2019-09-25,2020,DOI_EXACT+TITLE_AUTHORS_SIMILARITY,HIGH (1.0),,PENDING HUMAN REVIEW: Verify whether records represent the same scientific work
rg_doi_22a8bea3985d,2,openalex:W4403658710; crossref:10.70593/978-81-981271-4-3_8,10.70593/978-81-981271-4-3_8,"From challenges to implementation and acceptance: Addressing key barriers in artificial intelligence, machine learning, and deep learning",Nitin Liladhar Rane; Suraj Kumar Mallick; Ömer Kaya...,BOOK_CHAPTER,2024-10-13,2024-10-13,2024-10-13,DOI_EXACT+TITLE_AUTHORS_SIMILARITY,HIGH (1.0),,PENDING HUMAN REVIEW: Verify whether records represent the same scientific work
rg_doi_8eeef51a848e,2,openalex:W4401810393; crossref:10.1016/b978-0-443-22262-7.00020-5,10.1016/b978-0-443-22262-7.00020-5,Artificial Intelligence including Machine Learning and Deep Learning algorithms,Mostafa Biglarfadafan,BOOK_CHAPTER,2024-01-01,2024-01-01,2024,DOI_EXACT+TITLE_AUTHORS_SIMILARITY,HIGH (1.0),,PENDING HUMAN REVIEW: Verify whether records represent the same scientific work
rg_doi_e86cbb9d12e2,2,openalex:W4403658158; crossref:10.70593/978-81-981271-8-1,10.70593/978-81-981271-8-1,"Artificial Intelligence, Machine Learning, and Deep Learning for Sustainable Industry 5.0",Nitin Liladhar Rane; Ömer Kaya; Jayesh Rane,BOOK_CHAPTER,2024-10-14,2024-10-14,2024-10-14,DOI_EXACT+TITLE_AUTHORS_SIMILARITY,HIGH (1.0),,PENDING HUMAN REVIEW: Verify whether records represent the same scientific work
rg_doi_be5e87a60bc1,3,openalex:W4417076006; openalex:W4403873276; crossref:10.62441/nano-ntp.v20is13.75,10.62441/nano-ntp.vi.2598,Emerging Trends In Artificial Intelligence Learning Methods: Deep Learning And Machine Learning Innovation In Computer Science,Md Tajul Islam; Mohd Abdullah Al Mamun; Obyed Ullah Khan...,RESEARCH_ARTICLE,2024-10-18,2024-10-18,2024-10-18,DOI_EXACT+TITLE_AUTHORS_SIMILARITY,HIGH (1.0),,PENDING HUMAN REVIEW: Verify whether records represent the same scientific work
rg_doi_8ebb6484c3a9,2,openalex:W4403657844; crossref:10.70593/978-81-981271-8-1_3,10.70593/978-81-981271-8-1_3,"Artificial intelligence, machine learning, and deep learning for enhancing resilience in industry 4.0, 5.0, and society 5.0",Nitin Liladhar Rane; Ömer Kaya; Jayesh Rane,BOOK_CHAPTER,2024-10-14,2024-10-14,2024-10-14,DOI_EXACT+TITLE_AUTHORS_SIMILARITY,HIGH (1.0),,PENDING HUMAN REVIEW: Verify whether records represent the same scientific work
rg_doi_cae6585f3685,2,openalex:W7201881597; openalex:W7168164684,10.5281/zenodo.21843864,Deep Learning Toolkit: Reusable PyTorch Building Blocks for Artificial Intelligence and Scientific Machine Learning,Johann Rudi,OTHER,2026-08-07,2026-08-07,,DOI_EXACT+TITLE_AUTHORS_SIMILARITY,HIGH (1.0),,PENDING HUMAN REVIEW: Verify whether records represent the same scientific work
rg_doi_79b555ec05be,2,openalex:W7203639378; openalex:W7203634945,10.5281/zenodo.21977600,"Engineering Artificial Intelligence Foundations, Algorithms, Machine Learning, Deep Learning, and Intelligent Systems",EMRAH EKREM KARABAG,BOOK_CHAPTER,2026-08-13,2026-08-13,,DOI_EXACT+TITLE_AUTHORS_SIMILARITY,HIGH (1.0),,PENDING HUMAN REVIEW: Verify whether records represent the same scientific work
rg_doi_3e3972368876,2,openalex:W4403619946; crossref:10.70593/978-81-981271-1-2_6,10.70593/978-81-981271-1-2_6,"Emerging trends and future research opportunities in artificial intelligence, machine learning, and deep learning",Nitin Liladhar Rane; Jayesh Rane; Mallikarjuna Paramesha...,BOOK_CHAPTER,2024-10-13,2024-10-13,2024-10-13,DOI_EXACT+TITLE_AUTHORS_SIMILARITY,HIGH (1.0),,PENDING HUMAN REVIEW: Verify whether records represent the same scientific work
rg_doi_641a1d07d528,2,openalex:W4408008683; crossref:10.70389/pjai.100013,10.70389/pjai.100013,Artificial Intelligence in Aviation: A Review of Machine Learning and Deep Learning Applications for Enhanced Safety and Security,Waqas Ahmed,REVIEW,2025-02-05,2025-02-05,,DOI_EXACT+TITLE_AUTHORS_SIMILARITY,HIGH (1.0),,PENDING HUMAN REVIEW: Verify whether records represent the same scientific work
rg_doi_2332610ab09a,3,openalex:W7152632933; openalex:W7154500275; openalex:W7152511344,10.5281/zenodo.19479190,LEVERAGING DEEP LEARNING AND MACHINE LEARNING IN IOT NETWORKS: ARTIFICIAL INTELLIGENCE AND CLOUD-BASED FRAMEWORKS FOR SMART AUTOMATION,"Sana Feroze,Andlib Akhtar,Dr. Ashfaq Ahmad Waqas Ahmad Khan",RESEARCH_ARTICLE,2026-04-09,2026-04-09,,DOI_EXACT+TITLE_AUTHORS_SIMILARITY,HIGH (1.0),,PENDING HUMAN REVIEW: Verify whether records represent the same scientific work
rg_doi_4e5057959cae,2,openalex:W7126246665; crossref:10.62311/nesx/rb-978-81-992251-8-3,10.62311/nesx/rb-978-81-992251-8-3,Frontiers of Artificial Intelligence and Machine Learning: From Deep Learning Architectures to Industry 5.0 Applications,Murali Krishna Pasupuleti,FRONT_MATTER,2025-10-30,2025-10-30,,DOI_EXACT+TITLE_AUTHORS_SIMILARITY,HIGH (1.0),,PENDING HUMAN REVIEW: Verify whether records represent the same scientific work
rg_doi_dd2e5d61db92,2,openalex:W4403647077; crossref:10.70593/978-81-981367-4-9_7,10.70593/978-81-981367-4-9_7,"Using artificial intelligence, machine learning, and deep learning for sentiment analysis in customer relationship management to improve customer experience, loyalty, and satisfaction",Nitin Liladhar Rane; Pravin Desai; Jayesh Rane...,BOOK_CHAPTER,2024-10-17,2024-10-17,2024-10-17,DOI_EXACT+TITLE_AUTHORS_SIMILARITY,HIGH (1.0),,PENDING HUMAN REVIEW: Verify whether records represent the same scientific work
